file,WER,CER,Levenshtein,BLEU,Jaccard
AVPEPUDEA0001_Monologo.txt,0.5142857142857142,0.24537037037037038,0.8247683235046335,0.2593534349532509,0.17004716981132073
AVPEPUDEA0002_Monologo.txt,0.43617021276595747,0.1265597147950089,0.6018099547511313,0.5177518085045636,0.46719576719576716
AVPEPUDEA0003_Monologo.txt,0.855072463768116,0.3508771929824561,0.9475982532751092,0.0833575946467368,0.11035007610350074
AVPEPUDEA0004_Monologo.txt,0.45454545454545453,0.1431924882629108,0.8389423076923077,0.38367816573606717,0.36111111111111105
AVPEPUDEA0005_Monologo.txt,0.4153846153846154,0.200836820083682,0.9081481481481481,0.4014785281443475,0.1556372549019608
AVPEPUDEA0006_Monologo.txt,0.44,0.27205882352941174,0.8910585817060637,0.4127848218984682,0.25092592592592594
AVPEPUDEA0007_Monologo.txt,0.39215686274509803,0.12734082397003746,0.4980694980694981,0.4626863805635893,0.7733333333333334
AVPEPUDEA0008_Monologo.txt,0.3037974683544304,0.12053571428571429,0.7511627906976744,0.573893862537238,0.23541666666666666
AVPEPUDEA0009_Monologo.txt,0.5317919075144508,0.29006882989183874,0.8446927374301676,0.31417512769136147,0.18479437229437232
AVPEPUDEA0010_Monologo.txt,0.39215686274509803,0.13425925925925927,0.7072289156626506,0.48719706495748477,0.4996709573824002
AVPEPUDEA0011_Monologo.txt,0.20634920634920634,0.07352941176470588,0.8323353293413174,0.6517882798753651,0.5442073170731707
AVPEPUDEA0013_Monologo.txt,0.3523809523809524,0.13419117647058823,0.7748344370860927,0.5647078453078208,0.603214535290007
AVPEPUDEA0014_Monologo.txt,0.7731958762886598,0.6427289048473968,0.9819121447028424,0.09398790197877394,0.08631713554987212
AVPEPUDEA0015_Monologo.txt,0.325,0.08346456692913386,0.5217048145224941,0.6173935385845734,0.5837353801169591
AVPEPUDEA0016_Monologo.txt,0.68,0.23563218390804597,0.1550151975683891,2.486439866668291e-78,0.048484848484848485
AVPEPUDEA0017_Monologo.txt,0.581081081081081,0.2675438596491228,0.9740566037735849,0.2558299078254484,0.12760416666666669
AVPEPUDEA0018_Monologo.txt,0.39655172413793105,0.15555555555555556,0.4782608695652174,0.4745631697272536,0.3111111111111111
AVPEPUDEA0019_Monologo.txt,0.47058823529411764,0.11666666666666667,0.08620689655172409,0.4183007445500922,0.42105263157894735
AVPEPUDEA0020_Monologo.txt,0.42857142857142855,0.17073170731707318,0.43646408839779005,0.36519329879020596,0.34285714285714286
AVPEPUDEA0021_Monologo.txt,0.4166666666666667,0.14987080103359174,0.3954116059379217,0.3748378292293067,0.5399305555555556
AVPEPUDEA0022_Monologo.txt,0.3409090909090909,0.09102402022756005,0.6704980842911877,0.7255903430347829,0.5409984276729559
AVPEPUDEA0023_Monologo.txt,0.47058823529411764,0.21443298969072164,0.7811816192560175,0.3986620084414787,0.34090909090909094
AVPEPUDEA0024_Monologo.txt,0.4444444444444444,0.20689655172413793,0.13471502590673579,0.334609231580572,0.3528325123152709
AVPEPUDEA0025_Monologo.txt,0.3380281690140845,0.10421836228287841,0.3069053708439897,0.6203124462527384,0.5333333333333334
AVPEPUDEA0026_Monologo.txt,0.42168674698795183,0.17473684210526316,0.9798206278026906,0.5190585163238113,0.3540616246498599
AVPEPUDEA0027_Monologo.txt,0.40540540540540543,0.14418604651162792,0.5799522673031026,0.38712743849509573,0.3953846153846154
AVPEPUDEA0028_Monologo.txt,0.375,0.10526315789473684,0.2425149700598802,0.4888644889613909,0.49393939393939396
AVPEPUDEA0029_Monologo.txt,0.44680851063829785,0.12014134275618374,0.5328467153284672,0.3467407533194757,0.7806451612903226
AVPEPUDEA0030_Monologo.txt,0.6929824561403509,0.4111111111111111,0.9305555555555556,0.15886781855483437,0.03833333333333333
AVPEPUDEA0031_Monologo.txt,0.4444444444444444,0.14215686274509803,0.10723192019950123,0.4550627443664433,0.4907692307692308
AVPEPUDEA0032_Monologo.txt,0.6086956521739131,0.1362126245847176,0.9731543624161074,0.48282927712337587,0.6722222222222223
AVPEPUDEA0033_Monologo.txt,0.8095238095238095,0.3377777777777778,0.7874852420306966,0.11676046473440616,0.22999999999999998
AVPEPUDEA0034_Monologo.txt,0.4507042253521127,0.1549636803874092,0.8537794299876085,0.47235885462116406,0.46350877192982465
AVPEPUDEA0035_Monologo.txt,0.84,0.2430939226519337,0.18333333333333335,2.532319787128333e-78,0.12634408602150538
AVPEPUDEA0036_Monologo.txt,0.3783783783783784,0.11016949152542373,0.5599128540305012,0.47517361187025253,0.31264367816091954
AVPEPUDEA0037_Monologo.txt,0.7884615384615384,0.3058510638297872,0.5964912280701755,1.8907077694741241e-78,0.15707478005865103
AVPEPUDEA0038_Monologo.txt,0.5365853658536586,0.13071895424836602,0.5666666666666667,0.3560925088350655,0.4424242424242424
AVPEPUDEA0039_Monologo.txt,0.9285714285714286,0.3036649214659686,0.2227979274611399,0.19783691883509516,0.195
AVPEPUDEA0041_Monologo.txt,0.3387096774193548,0.12290502793296089,0.10850439882697949,0.5902333042657862,0.4325396825396825
AVPEPUDEA0042_Monologo.txt,0.47058823529411764,0.1918158567774936,0.9864130434782609,0.43552300520409826,0.2638888888888889
AVPEPUDEA0043_Monologo.txt,0.49230769230769234,0.18974358974358974,0.9882032667876588,0.32274173795009875,0.2914918414918415
AVPEPUDEA0044_Monologo.txt,0.48214285714285715,0.2598684210526316,0.9414990859232175,0.3938181221987335,0.3441973804447152
AVPEPUDEA0045_Monologo.txt,0.5641025641025641,0.14258188824662812,0.8887785501489573,0.42037845198303625,0.6286036036036036
AVPEPUDEA0046_Monologo.txt,0.6851851851851852,0.3972602739726027,0.788,0.11434067874765705,0.09659863945578231
AVPEPUDEA0047_Monologo.txt,0.4744897959183674,0.1563573883161512,0.8210526315789474,0.5320325094758243,0.301890756302521
AVPEPUDEA0048_Monologo.txt,0.35172413793103446,0.11428571428571428,0.778169014084507,0.6092151166879779,0.5993055555555555
AVPEPUDEA0049_Monologo.txt,0.43137254901960786,0.175,0.586837294332724,0.4394137775693776,0.32594594594594595
AVPEPUDEA0050_Monologo.txt,0.4827586206896552,0.09770114942528736,0.08882521489971351,0.49711590425998026,0.7272727272727273
AVPEPUDEA0051_Monologo.txt,0.6153846153846154,0.19924812030075187,0.660952380952381,0.3659036480962123,0.187015503875969
AVPEPUDEA0052_Monologo.txt,0.6206896551724138,0.1978021978021978,0.14117647058823535,0.14586245907449286,0.35
AVPEPUDEA0053_Monologo.txt,0.36619718309859156,0.13776137761377613,0.5180265654648957,0.5164481860164928,0.7641038871689028
AVPEPUDEA0054_Monologo.txt,0.375,0.10725552050473186,0.23717948717948723,0.5049473256111036,0.6736111111111112
AVPEPUDEA0055_Monologo.txt,0.6285714285714286,0.3203463203463203,0.22596153846153844,0.24160365333277398,0.11176470588235295
AVPEPUDEA0056_Monologo.txt,0.48484848484848486,0.24867724867724866,0.896887159533074,0.4212622694073959,0.3263681592039801
AVPEPUDEA0057_Monologo.txt,3.234375,2.4718498659517425,0.7895424836601307,0.05628350821505924,0.1236861861861862
AVPEPUDEA0058_Monologo.txt,0.474025974025974,0.21867881548974943,0.9499083689676237,0.34103334899085525,0.2904184704184704
AVPEPUDEA0059_Monologo.txt,0.5698924731182796,0.2625482625482625,0.972310969116081,0.34488572629866443,0.3242559523809524
AVPEPUDEA0060_Monologo.txt,0.2898550724637681,0.12860892388451445,0.825136612021858,0.5560347728834798,0.37554112554112556
AVPEPUDEA0061_Monologo.txt,0.4369747899159664,0.19858156028368795,0.8575757575757575,0.47318909898548966,0.18930589184826477
AVPEPUDEAC0001_Monologo.txt,0.37583892617449666,0.11832946635730858,0.6789976133651552,0.6069063981509663,0.4512605042016807
AVPEPUDEAC0002_Monologo.txt,0.4163424124513619,0.15675297410776767,0.7131502890173411,0.4741074376480643,0.3275172924901186
AVPEPUDEAC0003_Monologo.txt,0.375,0.15937149270482603,0.8436213991769548,0.4502179865383749,0.23578347001451183
AVPEPUDEAC0004_Monologo.txt,0.4423791821561338,0.2221494102228047,0.7334754797441365,0.46496008524405014,0.16617810760667903
AVPEPUDEAC0005_Monologo.txt,0.4205128205128205,0.2107706592386258,0.6269482151835093,0.5191510360448492,0.13705379587732527
AVPEPUDEAC0006_Monologo.txt,0.358695652173913,0.1424446583253128,0.8724035608308606,0.5214723060867009,0.38955946014769544
AVPEPUDEAC0007_Monologo.txt,0.3897058823529412,0.14955640050697086,0.9681486396814863,0.4637168629854485,0.6917027807872878
AVPEPUDEAC0008_Monologo.txt,0.4536082474226804,0.1790633608815427,0.9875835721107927,0.4744715487377344,0.23392366458314456
AVPEPUDEAC0009_Monologo.txt,0.4818181818181818,0.24962178517397882,0.9061728395061728,0.3814561160868151,0.6853801169590644
AVPEPUDEAC0010_Monologo.txt,0.5603864734299517,0.39935064935064934,0.8715139442231076,0.3296037028275925,0.1474500768049155
AVPEPUDEAC0011_Monologo.txt,0.3137254901960784,0.08307692307692308,0.78125,0.6099945293821077,0.5757488479262673
AVPEPUDEAC0012_Monologo.txt,0.2537313432835821,0.07360406091370558,0.9897435897435898,0.641496404825356,0.3952380952380953
AVPEPUDEAC0013_Monologo.txt,0.39285714285714285,0.1016949152542373,0.08357348703170031,0.5101693931708503,0.7619047619047619
AVPEPUDEAC0014_Monologo.txt,0.34328358208955223,0.1172069825436409,0.349428208386277,0.45072833497994996,0.4993894993894994
AVPEPUDEAC0015_Monologo.txt,0.3466666666666667,0.08716707021791767,0.9424460431654677,0.6261769705374958,0.6066666666666667
AVPEPUDEAC0016_Monologo.txt,0.3333333333333333,0.10201660735468565,0.8649789029535865,0.6091077317687816,0.4981481481481482
AVPEPUDEAC0017_Monologo.txt,0.36,0.14225053078556263,0.39626783754116357,0.5693065661351835,0.625
AVPEPUDEAC0018_Monologo.txt,0.2923076923076923,0.06666666666666667,0.8366800535475234,0.6566837047471548,0.7828571428571428
AVPEPUDEAC0019_Monologo.txt,0.2692307692307692,0.09541284403669725,0.5023562676720075,0.6742549507192273,0.3671394799054374
AVPEPUDEAC0020_Monologo.txt,0.5217391304347826,0.24532710280373832,0.9235668789808917,0.3260864910205989,0.2513888888888889
AVPEPUDEAC0021_Monologo.txt,0.38461538461538464,0.16,0.8427260812581914,0.3840161180682186,0.6732804232804233
AVPEPUDEAC0022_Monologo.txt,0.29411764705882354,0.060669456066945605,0.7206349206349206,0.6380440623548905,0.7554285714285714
AVPEPUDEAC0023_Monologo.txt,0.16901408450704225,0.06443298969072164,0.25810635538261995,0.8209698516743317,0.7359756097560975
AVPEPUDEAC0024_Monologo.txt,0.2413793103448276,0.06395348837209303,0.04166666666666663,0.8116860778880998,1.0
AVPEPUDEAC0025_Monologo.txt,0.33783783783783783,0.13800904977375567,0.8833333333333333,0.4676955844656324,0.42138364779874216
AVPEPUDEAC0026_Monologo.txt,0.3986013986013986,0.1725,0.8282694848084544,0.41693231174317125,0.49444444444444446
AVPEPUDEAC0027_Monologo.txt,0.4,0.15873015873015872,0.17400419287211744,0.37269954672657174,0.4461538461538462
AVPEPUDEAC0028_Monologo.txt,0.7073170731707317,0.26198083067092653,0.9626485568760611,0.20594900453788756,0.2975490196078431
AVPEPUDEAC0029_Monologo.txt,0.24324324324324326,0.10046728971962617,0.7170263788968825,0.5478217947223025,0.6649305555555556
AVPEPUDEAC0031_Monologo.txt,0.5555555555555556,0.07692307692307693,0.19467554076539106,0.5509106114208625,0.6492307692307693
AVPEPUDEAC0032_Monologo.txt,0.4189189189189189,0.10256410256410256,0.30151338766006985,0.5313572444131712,0.3762183235867447
AVPEPUDEAC0033_Monologo.txt,0.4194915254237288,0.20313725490196077,0.8183312782572956,0.44048157538667976,0.1807278179092272
AVPEPUDEAC0034_Monologo.txt,0.3953488372093023,0.23120567375886525,0.7064793130366901,0.4973447577409629,0.3464390142021721
AVPEPUDEAC0035_Monologo.txt,0.47368421052631576,0.10622710622710622,0.18587360594795543,0.5211168523597349,0.5
AVPEPUDEAC0038_Monologo.txt,0.21428571428571427,0.05434782608695652,0.7236363636363636,0.6397598663656562,0.6470588235294118
AVPEPUDEAC0039_Monologo.txt,0.34146341463414637,0.12554112554112554,0.7438202247191011,0.5215992871292747,0.42976190476190473
AVPEPUDEAC0040_Monologo.txt,0.23333333333333334,0.04864864864864865,0.043243243243243246,0.583145968758198,1.0
AVPEPUDEAC0042_Monologo.txt,0.3793103448275862,0.14358974358974358,0.10160427807486627,0.4238723415654676,0.6666666666666666
AVPEPUDEAC0043_Monologo.txt,0.4117647058823529,0.14427860696517414,0.12182741116751272,0.4331771504276892,0.7652173913043478
AVPEPUDEAC0044_Monologo.txt,0.35051546391752575,0.1704119850187266,0.732801595214357,0.5143583773258733,0.46785714285714286
AVPEPUDEAC0045_Monologo.txt,0.4449152542372881,0.21236363636363637,0.6987053746567281,0.4076000075668743,0.335574437661552
AVPEPUDEAC0046_Monologo.txt,0.4,0.19827586206896552,0.6199095022624435,0.4538221861319673,0.5176767676767676
AVPEPUDEAC0047_Monologo.txt,0.45614035087719296,0.146875,0.7337662337662338,0.3249079944720332,0.43973214285714285
AVPEPUDEAC0048_Monologo.txt,0.40625,0.13020833333333334,0.08661417322834641,0.4067975103016006,0.6390977443609023
AVPEPUDEAC0049_Monologo.txt,0.6666666666666666,0.26666666666666666,0.20383693045563545,0.2395910883179264,0.5104166666666666
AVPEPUDEAC0050_Monologo.txt,0.4418604651162791,0.11494252873563218,0.7565543071161048,0.3638298754130354,0.5888888888888889
AVPEPUDEAC0052_Monologo.txt,0.26595744680851063,0.10420841683366733,0.8846549948506695,0.562687611491731,0.6529761904761904
AVPEPUDEAC0053_Monologo.txt,0.29411764705882354,0.09917355371900827,0.9274261603375528,0.6385193401587367,0.506860371267151
AVPEPUDEAC0054_Monologo.txt,0.29292929292929293,0.1103202846975089,0.9180327868852459,0.6019226711811212,0.5259577515216612
AVPEPUDEAC0055_Monologo.txt,0.42857142857142855,0.10227272727272728,0.0883190883190883,0.4838371448191701,0.6066666666666667
AVPEPUDEAC0056_Monologo.txt,0.29333333333333333,0.12359550561797752,0.7452830188679245,0.5878265814488384,0.4624291697462429
AVPEPUDEAC0057_Monologo.txt,0.53125,0.22844827586206898,0.15492957746478875,0.4540734584475563,0.31212121212121213
AVPEPUDEA0001_laura.txt,0.5,0.14814814814814814,0.1071428571428571,5.775353993361614e-78,0.35714285714285715
AVPEPUDEA0001_loslibros.txt,0.18181818181818182,0.0392156862745098,0.029126213592232997,0.7860753021519787,1.0
AVPEPUDEA0001_luisa.txt,0.3,0.11764705882352941,0.08910891089108908,0.6389431042462724,0.36363636363636365
AVPEPUDEA0001_micasa.txt,0.2,0.038461538461538464,0.018867924528301883,0.668740304976422,1.0
AVPEPUDEA0001_omar.txt,0.6,0.11538461538461539,0.07407407407407407,1.4488496539373276e-231,1.0
AVPEPUDEA0001_rosita.txt,0.625,0.22727272727272727,0.19565217391304346,7.176381577237209e-155,0.3
AVPEPUDEA0002_laura.txt,0.3333333333333333,0.07407407407407407,0.054545454545454564,0.5081327481546147,1.0
AVPEPUDEA0002_loslibros.txt,0.2727272727272727,0.058823529411764705,0.039215686274509776,0.46924700641056,0.6
AVPEPUDEA0002_luisa.txt,0.3,0.058823529411764705,0.04854368932038833,0.6389431042462724,1.0
AVPEPUDEA0002_micasa.txt,0.2,0.038461538461538464,0.018867924528301883,0.668740304976422,1.0
AVPEPUDEA0002_omar.txt,1.0,0.5769230769230769,0.43999999999999995,0.0,0.0625
AVPEPUDEA0002_rosita.txt,0.3333333333333333,0.08,0.04950495049504955,0.5873949094699213,1.0
AVPEPUDEA0003_laura.txt,0.8333333333333334,0.3333333333333333,0.24528301886792447,9.97486269044271e-232,0.1875
AVPEPUDEA0003_loslibros.txt,0.18181818181818182,0.0392156862745098,0.029126213592232997,0.7860753021519787,1.0
AVPEPUDEA0003_luisa.txt,0.7777777777777778,0.5217391304347826,0.4042553191489362,5.722633035689358e-155,0.06666666666666667
AVPEPUDEA0003_micasa.txt,0.2,0.038461538461538464,0.018867924528301883,0.668740304976422,1.0
AVPEPUDEA0003_omar.txt,1.0,1.0384615384615385,0.8571428571428572,0.0,0.0
AVPEPUDEA0003_rosita.txt,0.7777777777777778,0.34,0.23076923076923073,6.373704167435469e-155,0.23076923076923078
AVPEPUDEA0005_laura.txt,0.6666666666666666,0.18518518518518517,0.1428571428571429,7.57965434483665e-155,0.25
AVPEPUDEA0005_loslibros.txt,0.18181818181818182,0.0392156862745098,0.029126213592232997,0.7860753021519787,1.0
AVPEPUDEA0005_luisa.txt,0.3,0.058823529411764705,0.04854368932038833,0.6389431042462724,1.0
AVPEPUDEA0005_micasa.txt,0.2,0.038461538461538464,0.018867924528301883,0.668740304976422,1.0
AVPEPUDEA0005_omar.txt,0.5,0.125,0.07936507936507942,8.38826642100846e-155,0.35714285714285715
AVPEPUDEA0005_rosita.txt,0.1111111111111111,0.02,0.00990099009900991,0.8633400213704505,1.0
AVPEPUDEA0006_laura.txt,0.3333333333333333,0.07407407407407407,0.054545454545454564,0.5081327481546147,1.0
AVPEPUDEA0006_loslibros.txt,0.18181818181818182,0.0392156862745098,0.029126213592232997,0.7860753021519787,1.0
AVPEPUDEA0006_luisa.txt,0.3,0.058823529411764705,0.04854368932038833,0.6389431042462724,1.0
AVPEPUDEA0006_micasa.txt,0.2,0.038461538461538464,0.018867924528301883,0.668740304976422,1.0
AVPEPUDEA0006_omar.txt,0.6,0.11538461538461539,0.07407407407407407,1.4488496539373276e-231,1.0
AVPEPUDEA0006_rosita.txt,0.3333333333333333,0.08,0.0505050505050505,5.30941411456236e-78,0.4
AVPEPUDEA0007_laura.txt,0.5,0.14814814814814814,0.1071428571428571,5.775353993361614e-78,0.35714285714285715
AVPEPUDEA0007_loslibros.txt,0.18181818181818182,0.0392156862745098,0.029126213592232997,0.7860753021519787,1.0
AVPEPUDEA0007_luisa.txt,0.5,0.09803921568627451,0.08737864077669899,0.2777619034011791,0.3333333333333333
AVPEPUDEA0007_micasa.txt,0.2,0.038461538461538464,0.018867924528301883,0.668740304976422,1.0
AVPEPUDEA0007_omar.txt,1.0,0.53125,0.3731343283582089,1.1200407237786664e-231,0.03333333333333333
AVPEPUDEA0007_rosita.txt,0.3333333333333333,0.08,0.0505050505050505,5.30941411456236e-78,1.0
AVPEPUDEA0008_laura.txt,0.3333333333333333,0.07407407407407407,0.054545454545454564,0.5081327481546147,1.0
AVPEPUDEA0008_loslibros.txt,0.18181818181818182,0.0392156862745098,0.029126213592232997,0.7860753021519787,1.0
AVPEPUDEA0008_luisa.txt,0.3,0.0784313725490196,0.04761904761904767,0.6786502681586727,0.375
AVPEPUDEA0008_micasa.txt,0.2,0.038461538461538464,0.018867924528301883,0.668740304976422,1.0
AVPEPUDEA0008_omar.txt,0.6666666666666666,0.1875,0.125,7.711523862191631e-155,0.35714285714285715
AVPEPUDEA0008_rosita.txt,0.5555555555555556,0.18,0.12871287128712872,8.093025251555984e-155,0.35
AVPEPUDEA0009_laura.txt,0.3333333333333333,0.07407407407407407,0.054545454545454564,0.5081327481546147,1.0
AVPEPUDEA0009_loslibros.txt,0.2727272727272727,0.058823529411764705,0.039215686274509776,0.46924700641056,0.6
AVPEPUDEA0009_luisa.txt,0.3,0.058823529411764705,0.04854368932038833,0.6389431042462724,1.0
AVPEPUDEA0009_micasa.txt,0.2,0.038461538461538464,0.018867924528301883,0.668740304976422,1.0
AVPEPUDEA0009_omar.txt,1.0,0.4375,0.32258064516129037,1.1200407237786664e-231,0.07407407407407407
AVPEPUDEA0009_rosita.txt,0.3333333333333333,0.08,0.04950495049504955,0.5873949094699213,1.0
AVPEPUDEA0010_laura.txt,0.5,0.14814814814814814,0.1071428571428571,5.775353993361614e-78,0.35714285714285715
AVPEPUDEA0010_loslibros.txt,0.2727272727272727,0.17647058823529413,0.10416666666666663,0.5977653345720249,0.6296296296296297
AVPEPUDEA0010_luisa.txt,0.3,0.058823529411764705,0.04854368932038833,0.6389431042462724,1.0
AVPEPUDEA0010_micasa.txt,0.2,0.038461538461538464,0.018867924528301883,0.668740304976422,1.0
AVPEPUDEA0010_omar.txt,0.6,0.15384615384615385,0.09090909090909094,8.38826642100846e-155,1.0
AVPEPUDEA0010_rosita.txt,0.6666666666666666,0.14,0.10679611650485432,1.384292958842266e-231,0.25
AVPEPUDEA0011_laura.txt,0.3333333333333333,0.07407407407407407,0.054545454545454564,0.5081327481546147,1.0
AVPEPUDEA0011_loslibros.txt,0.18181818181818182,0.0392156862745098,0.029126213592232997,0.7860753021519787,1.0
AVPEPUDEA0011_luisa.txt,0.4166666666666667,0.21311475409836064,0.1327433628318584,0.31105042156452656,0.27272727272727276
AVPEPUDEA0011_micasa.txt,0.2,0.038461538461538464,0.018867924528301883,0.668740304976422,1.0
AVPEPUDEA0011_omar.txt,0.6,0.11538461538461539,0.07407407407407407,1.4488496539373276e-231,1.0
AVPEPUDEA0011_rosita.txt,0.1111111111111111,0.02,0.00990099009900991,0.8633400213704505,1.0
AVPEPUDEA0013_laura.txt,0.3333333333333333,0.07407407407407407,0.054545454545454564,0.5081327481546147,1.0
AVPEPUDEA0013_loslibros.txt,0.18181818181818182,0.0392156862745098,0.029126213592232997,0.7860753021519787,1.0
AVPEPUDEA0013_luisa.txt,0.3,0.0784313725490196,0.05882352941176472,0.6389431042462724,0.4090909090909091
AVPEPUDEA0013_micasa.txt,0.2,0.038461538461538464,0.018867924528301883,0.668740304976422,1.0
AVPEPUDEA0013_omar.txt,0.5,0.12903225806451613,0.09375,8.38826642100846e-155,0.35714285714285715
AVPEPUDEA0013_rosita.txt,0.625,0.1590909090909091,0.09677419354838712,7.176381577237209e-155,0.3888888888888889
AVPEPUDEA0014_laura.txt,0.6666666666666666,0.18518518518518517,0.1428571428571429,7.57965434483665e-155,0.25
AVPEPUDEA0014_loslibros.txt,1.0,0.7647058823529411,0.6170212765957447,8.422437779564611e-232,0.0196078431372549
AVPEPUDEA0014_luisa.txt,0.6,0.29411764705882354,0.2075471698113207,3.965294799986402e-78,0.21428571428571427
AVPEPUDEA0014_micasa.txt,0.2,0.038461538461538464,0.018867924528301883,0.668740304976422,1.0
AVPEPUDEA0014_omar.txt,1.1666666666666667,0.96875,0.5789473684210527,0.0,0.0
AVPEPUDEA0014_rosita.txt,0.4444444444444444,0.18,0.14851485148514854,5.072841446586652e-78,0.3181818181818182
AVPEPUDEA0015_laura.txt,0.3333333333333333,0.07407407407407407,0.054545454545454564,0.5081327481546147,1.0
AVPEPUDEA0015_loslibros.txt,0.18181818181818182,0.0392156862745098,0.029126213592232997,0.7860753021519787,1.0
AVPEPUDEA0015_luisa.txt,0.3,0.058823529411764705,0.04854368932038833,0.6389431042462724,1.0
AVPEPUDEA0015_micasa.txt,0.2,0.038461538461538464,0.018867924528301883,0.668740304976422,1.0
AVPEPUDEA0015_omar.txt,0.5,0.09375,0.04761904761904767,8.38826642100846e-155,1.0
AVPEPUDEA0015_rosita.txt,0.5,0.17307692307692307,0.10679611650485432,8.148621569148421e-155,0.45
AVPEPUDEA0016_laura.txt,0.8333333333333334,0.37037037037037035,0.2542372881355932,1.1640469867513693e-231,0.25
AVPEPUDEA0016_loslibros.txt,0.36363636363636365,0.17647058823529413,0.1428571428571429,0.6315552371794037,0.1818181818181818
AVPEPUDEA0016_luisa.txt,0.7,0.27450980392156865,0.19626168224299068,0.22416933501922293,0.23333333333333334
AVPEPUDEA0016_micasa.txt,0.2,0.038461538461538464,0.018867924528301883,0.668740304976422,1.0
AVPEPUDEA0016_omar.txt,0.16666666666666666,0.03125,0.01538461538461533,0.7598356856515925,1.0
AVPEPUDEA0016_rosita.txt,0.5555555555555556,0.18,0.10679611650485432,4.335118471269586e-78,0.25
AVPEPUDEA0017_laura.txt,1.0,0.8888888888888888,0.7241379310344828,0.0,0.0
AVPEPUDEA0017_loslibros.txt,0.45454545454545453,0.23529411764705882,0.1515151515151515,0.3672056269893592,0.42857142857142855
AVPEPUDEA0017_luisa.txt,0.4,0.11764705882352941,0.07692307692307687,0.5169731539571706,0.2692307692307692
AVPEPUDEA0017_micasa.txt,1.0,0.6923076923076923,0.4736842105263158,0.0,0.0
AVPEPUDEA0017_omar.txt,1.0,0.4375,0.3939393939393939,1.1640469867513693e-231,0.16666666666666666
AVPEPUDEA0017_rosita.txt,0.8181818181818182,0.25,0.1607142857142857,5.477489369001354e-155,0.15
AVPEPUDEA0020_laura.txt,1.0,0.3333333333333333,0.24137931034482762,0.0,0.16666666666666666
AVPEPUDEA0020_loslibros.txt,0.42857142857142855,0.2033898305084746,0.11711711711711714,0.35723792743670973,0.1590909090909091
AVPEPUDEA0020_luisa.txt,0.4,0.0784313725490196,0.06796116504854366,0.5169731539571706,0.4090909090909091
AVPEPUDEA0020_micasa.txt,0.2,0.038461538461538464,0.018867924528301883,0.668740304976422,1.0
AVPEPUDEA0020_omar.txt,0.7777777777777778,0.5454545454545454,0.3924050632911392,5.236405306969006e-155,0.06060606060606061
AVPEPUDEA0020_rosita.txt,0.1111111111111111,0.02,0.00990099009900991,0.8633400213704505,1.0
AVPEPUDEA0021_laura.txt,0.6666666666666666,0.18518518518518517,0.1228070175438597,7.57965434483665e-155,0.35714285714285715
AVPEPUDEA0021_loslibros.txt,0.18181818181818182,0.0392156862745098,0.029126213592232997,0.7860753021519787,1.0
AVPEPUDEA0021_luisa.txt,0.3,0.058823529411764705,0.04854368932038833,0.6389431042462724,1.0
AVPEPUDEA0021_micasa.txt,0.5,0.1724137931034483,0.1071428571428571,5.623118184955381e-78,0.4
AVPEPUDEA0021_omar.txt,0.5,0.09375,0.04761904761904767,8.38826642100846e-155,1.0
AVPEPUDEA0021_rosita.txt,0.3333333333333333,0.08,0.04950495049504955,0.5873949094699213,1.0
AVPEPUDEA0022_laura.txt,0.3333333333333333,0.07407407407407407,0.054545454545454564,0.5081327481546147,1.0
AVPEPUDEA0022_loslibros.txt,0.18181818181818182,0.0392156862745098,0.029126213592232997,0.7860753021519787,1.0
AVPEPUDEA0022_luisa.txt,0.3,0.09803921568627451,0.06666666666666665,0.6389431042462724,0.4090909090909091
AVPEPUDEA0022_micasa.txt,0.2,0.038461538461538464,0.018867924528301883,0.668740304976422,1.0
AVPEPUDEA0022_omar.txt,0.6666666666666666,0.15625,0.09090909090909094,7.711523862191631e-155,0.42857142857142855
AVPEPUDEA0022_rosita.txt,0.2222222222222222,0.06,0.040000000000000036,0.6104735835807844,1.0
AVPEPUDEA0023_laura.txt,0.3333333333333333,0.07407407407407407,0.054545454545454564,0.5081327481546147,1.0
AVPEPUDEA0023_loslibros.txt,0.18181818181818182,0.0392156862745098,0.029126213592232997,0.7860753021519787,1.0
AVPEPUDEA0023_luisa.txt,0.3,0.058823529411764705,0.04854368932038833,0.6389431042462724,1.0
AVPEPUDEA0023_micasa.txt,0.2,0.038461538461538464,0.018867924528301883,0.668740304976422,1.0
AVPEPUDEA0023_omar.txt,0.16666666666666666,0.03125,0.01538461538461533,0.7598356856515925,1.0
AVPEPUDEA0023_rosita.txt,0.1111111111111111,0.02,0.00990099009900991,0.8633400213704505,1.0
AVPEPUDEA0024_laura.txt,1.1666666666666667,0.5185185185185185,0.4,0.0,0.09090909090909091
AVPEPUDEA0024_loslibros.txt,0.375,0.1,0.06172839506172845,0.5169731539571706,0.3888888888888889
AVPEPUDEA0024_luisa.txt,0.5,0.2549019607843137,0.1454545454545455,0.4617366309441026,0.3076923076923077
AVPEPUDEA0024_micasa.txt,0.2,0.038461538461538464,0.018867924528301883,0.668740304976422,1.0
AVPEPUDEA0024_omar.txt,0.6666666666666666,0.3125,0.21739130434782605,5.021333847570327e-78,0.2222222222222222
AVPEPUDEA0024_rosita.txt,1.8888888888888888,1.1020408163265305,0.4676258992805755,8.844844403089351e-232,0.08333333333333333
AVPEPUDEA0025_laura.txt,0.3333333333333333,0.07407407407407407,0.054545454545454564,0.5081327481546147,1.0
AVPEPUDEA0025_loslibros.txt,0.2727272727272727,0.09803921568627451,0.06000000000000005,0.68752775993657,0.45
AVPEPUDEA0025_luisa.txt,0.3,0.058823529411764705,0.04854368932038833,0.6389431042462724,1.0
AVPEPUDEA0025_micasa.txt,0.2,0.038461538461538464,0.018867924528301883,0.668740304976422,1.0
AVPEPUDEA0025_omar.txt,0.16666666666666666,0.03125,0.01538461538461533,0.7598356856515925,1.0
AVPEPUDEA0025_rosita.txt,0.1111111111111111,0.02,0.00990099009900991,0.8633400213704505,1.0
AVPEPUDEA0026_laura.txt,0.3333333333333333,0.1111111111111111,0.0714285714285714,0.5081327481546147,1.0
AVPEPUDEA0026_loslibros.txt,0.18181818181818182,0.0392156862745098,0.029126213592232997,0.7860753021519787,1.0
AVPEPUDEA0026_luisa.txt,0.36363636363636365,0.1724137931034483,0.10909090909090913,0.5781396287180781,0.45
AVPEPUDEA0026_micasa.txt,0.2,0.038461538461538464,0.018867924528301883,0.668740304976422,1.0
AVPEPUDEA0026_omar.txt,0.16666666666666666,0.03125,0.01538461538461533,0.7598356856515925,1.0
AVPEPUDEA0026_rosita.txt,0.3333333333333333,0.08,0.0505050505050505,5.30941411456236e-78,1.0
AVPEPUDEA0027_laura.txt,0.6666666666666666,0.18518518518518517,0.1428571428571429,7.57965434483665e-155,0.25
AVPEPUDEA0027_loslibros.txt,0.18181818181818182,0.0392156862745098,0.029126213592232997,0.7860753021519787,1.0
AVPEPUDEA0027_luisa.txt,0.4,0.09803921568627451,0.06796116504854366,0.31239399369202553,0.4090909090909091
AVPEPUDEA0027_micasa.txt,0.2,0.038461538461538464,0.018867924528301883,0.668740304976422,1.0
AVPEPUDEA0027_omar.txt,0.5,0.09375,0.04761904761904767,5.775353993361614e-78,0.35714285714285715
AVPEPUDEA0027_rosita.txt,0.2222222222222222,0.04,0.02970297029702973,0.6104735835807844,1.0
AVPEPUDEA0029_laura.txt,0.3333333333333333,0.07407407407407407,0.054545454545454564,0.5081327481546147,1.0
AVPEPUDEA0029_loslibros.txt,0.35714285714285715,0.18333333333333332,0.1071428571428571,0.5717746413986654,0.2
AVPEPUDEA0029_luisa.txt,0.3,0.058823529411764705,0.04854368932038833,0.6389431042462724,1.0
AVPEPUDEA0029_micasa.txt,0.2,0.038461538461538464,0.018867924528301883,0.668740304976422,1.0
AVPEPUDEA0029_omar.txt,0.16666666666666666,0.03125,0.01538461538461533,0.7598356856515925,1.0
AVPEPUDEA0029_rosita.txt,0.3333333333333333,0.06,0.039215686274509776,0.5873949094699213,1.0
AVPEPUDEA0030_laura.txt,0.8333333333333334,0.3333333333333333,0.22033898305084743,6.968148412761692e-155,0.2222222222222222
AVPEPUDEA0030_loslibros.txt,0.45454545454545453,0.29411764705882354,0.19999999999999996,8.156004405034412e-155,0.47222222222222227
AVPEPUDEA0030_luisa.txt,0.6363636363636364,0.2542372881355932,0.24369747899159666,0.22416933501922293,0.1388888888888889
AVPEPUDEA0030_micasa.txt,0.5,0.2647058823529412,0.180327868852459,5.623118184955381e-78,0.4
AVPEPUDEA0030_omar.txt,1.1666666666666667,0.84375,0.8360655737704918,0.0,0.0
AVPEPUDEA0030_rosita.txt,0.6666666666666666,0.3728813559322034,0.2321428571428571,6.668454445645829e-155,0.06666666666666667
AVPEPUDEA0031_laura.txt,0.3333333333333333,0.07407407407407407,0.054545454545454564,0.5081327481546147,1.0
AVPEPUDEA0031_loslibros.txt,0.18181818181818182,0.0392156862745098,0.029126213592232997,0.7860753021519787,1.0
AVPEPUDEA0031_luisa.txt,0.3,0.058823529411764705,0.04854368932038833,0.6389431042462724,1.0
AVPEPUDEA0031_micasa.txt,0.2,0.038461538461538464,0.018867924528301883,0.668740304976422,1.0
AVPEPUDEA0031_omar.txt,0.5,0.09375,0.04761904761904767,8.38826642100846e-155,1.0
AVPEPUDEA0031_rosita.txt,0.2222222222222222,0.04,0.019607843137254943,0.6104735835807844,0.4
AVPEPUDEA0032_laura.txt,0.6666666666666666,0.2222222222222222,0.1578947368421053,7.57965434483665e-155,0.35714285714285715
AVPEPUDEA0032_loslibros.txt,0.18181818181818182,0.0392156862745098,0.029126213592232997,0.7860753021519787,1.0
AVPEPUDEA0032_luisa.txt,0.3,0.058823529411764705,0.04854368932038833,0.6389431042462724,1.0
AVPEPUDEA0032_micasa.txt,0.2,0.038461538461538464,0.018867924528301883,0.668740304976422,1.0
AVPEPUDEA0032_omar.txt,0.16666666666666666,0.03125,0.01538461538461533,0.7598356856515925,1.0
AVPEPUDEA0032_rosita.txt,0.2222222222222222,0.04,0.02970297029702973,0.5133450480401704,0.4
AVPEPUDEA0034_laura.txt,0.6666666666666666,0.2222222222222222,0.13793103448275867,7.57965434483665e-155,0.35714285714285715
AVPEPUDEA0034_loslibros.txt,0.45454545454545453,0.17647058823529413,0.10416666666666663,0.37200908038405156,0.5151515151515151
AVPEPUDEA0034_luisa.txt,0.3,0.11764705882352941,0.08737864077669899,0.6389431042462724,0.3333333333333333
AVPEPUDEA0034_micasa.txt,0.2,0.038461538461538464,0.018867924528301883,0.668740304976422,1.0
AVPEPUDEA0034_omar.txt,1.1666666666666667,0.59375,0.5,1.2882297539194154e-231,0.15
AVPEPUDEA0034_rosita.txt,0.3333333333333333,0.06,0.039215686274509776,0.5873949094699213,1.0
AVPEPUDEA0035_laura.txt,1.0,0.4074074074074074,0.2727272727272727,0.0,0.1111111111111111
AVPEPUDEA0035_loslibros.txt,0.45454545454545453,0.13725490196078433,0.07070707070707072,0.3672056269893592,0.4615384615384615
AVPEPUDEA0035_luisa.txt,0.4,0.17647058823529413,0.12621359223300976,0.5169731539571706,0.4090909090909091
AVPEPUDEA0035_micasa.txt,0.8,0.34615384615384615,0.2222222222222222,1.2183324802375697e-231,0.05555555555555555
AVPEPUDEA0035_omar.txt,0.7142857142857143,0.42424242424242425,0.33333333333333337,6.968148412761692e-155,0.15
AVPEPUDEA0035_rosita.txt,0.7777777777777778,0.32,0.276595744680851,1.0009379942300742e-231,0.16666666666666666
AVPEPUDEA0037_laura.txt,0.8,0.25,0.1578947368421053,1.2183324802375697e-231,0.21428571428571427
AVPEPUDEA0037_loslibros.txt,0.2,0.045454545454545456,0.0337078651685393,0.7598356856515925,1.0
AVPEPUDEA0037_luisa.txt,0.6,0.29411764705882354,0.20833333333333337,0.26924761780320416,0.19230769230769232
AVPEPUDEA0037_micasa.txt,0.4,0.07692307692307693,0.05660377358490565,9.283142785759642e-155,0.3333333333333333
AVPEPUDEA0037_omar.txt,0.16666666666666666,0.03125,0.01538461538461533,0.7598356856515925,1.0
AVPEPUDEA0037_rosita.txt,0.5714285714285714,0.3888888888888889,0.25,0.2036526897728483,0.2222222222222222
AVPEPUDEA0038_laura.txt,0.3333333333333333,0.07407407407407407,0.054545454545454564,0.5081327481546147,1.0
AVPEPUDEA0038_loslibros.txt,0.18181818181818182,0.0392156862745098,0.029126213592232997,0.7860753021519787,1.0
AVPEPUDEA0038_luisa.txt,0.3,0.058823529411764705,0.04854368932038833,0.6389431042462724,1.0
AVPEPUDEA0038_micasa.txt,0.2,0.038461538461538464,0.018867924528301883,0.668740304976422,1.0
AVPEPUDEA0038_omar.txt,0.5,0.28205128205128205,0.17142857142857137,0.36409302398068727,0.2380952380952381
AVPEPUDEA0038_rosita.txt,0.1111111111111111,0.02,0.00990099009900991,0.8633400213704505,1.0
AVPEPUDEA0039_laura.txt,0.6666666666666666,0.2222222222222222,0.13793103448275867,7.57965434483665e-155,0.35714285714285715
AVPEPUDEA0039_loslibros.txt,0.4,0.2698412698412698,0.16239316239316237,0.40855580969845084,0.15
AVPEPUDEA0039_luisa.txt,0.3333333333333333,0.10869565217391304,0.09677419354838712,0.6389431042462724,0.4
AVPEPUDEA0039_micasa.txt,0.2,0.038461538461538464,0.018867924528301883,0.668740304976422,1.0
AVPEPUDEA0039_omar.txt,1.3333333333333333,0.59375,0.3783783783783784,1.0518351895246305e-231,0.038461538461538464
AVPEPUDEA0039_rosita.txt,0.6363636363636364,0.2807017543859649,0.19672131147540983,7.825799788115097e-155,0.2692307692307692
AVPEPUDEA0041_laura.txt,0.8333333333333334,0.25925925925925924,0.19298245614035092,1.1640469867513693e-231,0.25
AVPEPUDEA0041_loslibros.txt,0.2727272727272727,0.058823529411764705,0.039215686274509776,0.46924700641056,0.6
AVPEPUDEA0041_luisa.txt,0.3,0.058823529411764705,0.04854368932038833,0.6389431042462724,1.0
AVPEPUDEA0041_micasa.txt,0.2,0.038461538461538464,0.018867924528301883,0.668740304976422,1.0
AVPEPUDEA0041_omar.txt,0.6666666666666666,0.21875,0.14754098360655743,1.384292958842266e-231,0.35714285714285715
AVPEPUDEA0041_rosita.txt,0.3333333333333333,0.1,0.06930693069306926,0.5873949094699213,0.4
AVPEPUDEA0042_laura.txt,0.3333333333333333,0.07407407407407407,0.054545454545454564,0.5081327481546147,1.0
AVPEPUDEA0042_loslibros.txt,0.4,0.24615384615384617,0.14529914529914534,0.47509381105123566,0.2222222222222222
AVPEPUDEA0042_luisa.txt,0.4,0.13725490196078433,0.10476190476190472,0.31239399369202553,0.3333333333333333
AVPEPUDEA0042_micasa.txt,0.2,0.038461538461538464,0.018867924528301883,0.668740304976422,1.0
AVPEPUDEA0042_omar.txt,0.3333333333333333,0.09375,0.06060606060606055,0.6147881529512643,0.3125
AVPEPUDEA0042_rosita.txt,0.4444444444444444,0.14,0.07692307692307687,0.5169731539571706,0.45
AVPEPUDEA0043_laura.txt,0.8333333333333334,0.2222222222222222,0.1578947368421053,1.1640469867513693e-231,0.25
AVPEPUDEA0043_loslibros.txt,0.2727272727272727,0.058823529411764705,0.039215686274509776,0.46924700641056,0.6
AVPEPUDEA0043_luisa.txt,0.3,0.09803921568627451,0.05769230769230771,0.6389431042462724,0.3333333333333333
AVPEPUDEA0043_micasa.txt,0.2,0.038461538461538464,0.018867924528301883,0.668740304976422,1.0
AVPEPUDEA0043_omar.txt,0.42857142857142855,0.2647058823529412,0.16417910447761197,5.253283993027542e-78,0.3125
AVPEPUDEA0043_rosita.txt,0.6153846153846154,0.37142857142857144,0.23966942148760328,3.2526064491660025e-78,0.2777777777777778
AVPEPUDEA0045_laura.txt,0.6666666666666666,0.2222222222222222,0.13793103448275867,7.57965434483665e-155,0.35714285714285715
AVPEPUDEA0045_loslibros.txt,0.18181818181818182,0.0392156862745098,0.029126213592232997,0.7860753021519787,1.0
AVPEPUDEA0045_luisa.txt,0.4,0.13725490196078433,0.08411214953271029,0.5331675363405771,0.375
AVPEPUDEA0045_micasa.txt,0.2,0.038461538461538464,0.018867924528301883,0.668740304976422,1.0
AVPEPUDEA0045_omar.txt,0.5,0.21875,0.16417910447761197,9.85444998995587e-155,0.2222222222222222
AVPEPUDEA0045_rosita.txt,0.5555555555555556,0.24,0.16831683168316836,6.805395922591311e-155,0.2727272727272727
AVPEPUDEA0046_laura.txt,0.625,0.2,0.1351351351351351,7.176381577237209e-155,0.5333333333333333
AVPEPUDEA0046_loslibros.txt,0.18181818181818182,0.0392156862745098,0.029126213592232997,0.7860753021519787,1.0
AVPEPUDEA0046_luisa.txt,0.9,0.3333333333333333,0.2432432432432432,3.3744794443119017e-78,0.16666666666666666
AVPEPUDEA0046_micasa.txt,0.2,0.038461538461538464,0.018867924528301883,0.668740304976422,1.0
AVPEPUDEA0046_omar.txt,0.3333333333333333,0.1875,0.13432835820895528,0.5081327481546147,0.25
AVPEPUDEA0046_rosita.txt,0.6666666666666666,0.28,0.2421052631578947,4.034282314146679e-78,0.19230769230769232
AVPEPUDEA0047_laura.txt,0.3333333333333333,0.07407407407407407,0.054545454545454564,0.5081327481546147,1.0
AVPEPUDEA0047_loslibros.txt,0.18181818181818182,0.0392156862745098,0.029126213592232997,0.7860753021519787,1.0
AVPEPUDEA0047_luisa.txt,0.3,0.0784313725490196,0.04761904761904767,0.6389431042462724,1.0
AVPEPUDEA0047_micasa.txt,0.2,0.038461538461538464,0.018867924528301883,0.668740304976422,1.0
AVPEPUDEA0047_omar.txt,0.16666666666666666,0.03125,0.01538461538461533,0.7598356856515925,1.0
AVPEPUDEA0047_rosita.txt,0.3333333333333333,0.06,0.039215686274509776,0.5873949094699213,1.0
AVPEPUDEA0048_laura.txt,0.3333333333333333,0.07407407407407407,0.054545454545454564,0.5081327481546147,1.0
AVPEPUDEA0048_loslibros.txt,0.2727272727272727,0.11764705882352941,0.07070707070707072,0.68752775993657,0.6296296296296297
AVPEPUDEA0048_luisa.txt,0.3,0.058823529411764705,0.04854368932038833,0.6389431042462724,1.0
AVPEPUDEA0048_micasa.txt,0.2,0.038461538461538464,0.018867924528301883,0.668740304976422,1.0
AVPEPUDEA0048_omar.txt,0.16666666666666666,0.03125,0.01538461538461533,0.7598356856515925,1.0
AVPEPUDEA0048_rosita.txt,0.3333333333333333,0.06,0.039215686274509776,0.5873949094699213,1.0
AVPEPUDEA0049_laura.txt,0.6666666666666666,0.2222222222222222,0.1578947368421053,7.57965434483665e-155,0.35714285714285715
AVPEPUDEA0049_loslibros.txt,0.4375,0.3194444444444444,0.19354838709677424,0.4767187757475272,0.38888888888888884
AVPEPUDEA0049_luisa.txt,0.5,0.17647058823529413,0.11111111111111116,8.148621569148421e-155,0.36363636363636365
AVPEPUDEA0049_micasa.txt,0.2,0.038461538461538464,0.018867924528301883,0.668740304976422,1.0
AVPEPUDEA0049_omar.txt,0.6,0.11538461538461539,0.07407407407407407,1.4488496539373276e-231,1.0
AVPEPUDEA0049_rosita.txt,0.5,0.17307692307692307,0.11764705882352944,4.539377974371219e-78,0.2333333333333333
AVPEPUDEA0050_laura.txt,0.5,0.14814814814814814,0.1071428571428571,5.775353993361614e-78,0.35714285714285715
AVPEPUDEA0050_loslibros.txt,0.2727272727272727,0.17647058823529413,0.10416666666666663,0.5977653345720249,0.6296296296296297
AVPEPUDEA0050_luisa.txt,0.3,0.058823529411764705,0.04854368932038833,0.6389431042462724,1.0
AVPEPUDEA0050_micasa.txt,0.2,0.038461538461538464,0.018867924528301883,0.668740304976422,1.0
AVPEPUDEA0050_omar.txt,0.16666666666666666,0.03125,0.01538461538461533,0.7598356856515925,1.0
AVPEPUDEA0050_rosita.txt,0.1111111111111111,0.02,0.00990099009900991,0.8633400213704505,1.0
AVPEPUDEA0051_laura.txt,0.3333333333333333,0.07407407407407407,0.054545454545454564,0.5081327481546147,1.0
AVPEPUDEA0051_loslibros.txt,0.18181818181818182,0.0392156862745098,0.029126213592232997,0.7860753021519787,1.0
AVPEPUDEA0051_luisa.txt,0.3,0.058823529411764705,0.04854368932038833,0.6389431042462724,1.0
AVPEPUDEA0051_micasa.txt,0.2,0.038461538461538464,0.018867924528301883,0.668740304976422,1.0
AVPEPUDEA0051_omar.txt,0.5,0.09375,0.04761904761904767,8.38826642100846e-155,1.0
AVPEPUDEA0051_rosita.txt,0.3333333333333333,0.06,0.039215686274509776,0.5873949094699213,1.0
AVPEPUDEA0052_laura.txt,0.6666666666666666,0.2222222222222222,0.13793103448275867,7.57965434483665e-155,0.35714285714285715
AVPEPUDEA0052_loslibros.txt,0.2727272727272727,0.058823529411764705,0.039215686274509776,0.46924700641056,0.6
AVPEPUDEA0052_luisa.txt,0.6,0.27450980392156865,0.2038834951456311,0.24808415001701817,0.25
AVPEPUDEA0052_micasa.txt,0.2,0.038461538461538464,0.018867924528301883,0.668740304976422,1.0
AVPEPUDEA0052_omar.txt,0.16666666666666666,0.03125,0.01538461538461533,0.7598356856515925,1.0
AVPEPUDEA0052_rosita.txt,0.5555555555555556,0.22916666666666666,0.12621359223300976,7.241926111174567e-155,0.3181818181818182
AVPEPUDEA0053_laura.txt,0.8333333333333334,0.3333333333333333,0.2727272727272727,9.97486269044271e-232,0.1875
AVPEPUDEA0053_loslibros.txt,0.2727272727272727,0.058823529411764705,0.039215686274509776,0.46924700641056,0.6
AVPEPUDEA0053_luisa.txt,0.3,0.058823529411764705,0.04854368932038833,0.6389431042462724,1.0
AVPEPUDEA0053_micasa.txt,1.0,0.4230769230769231,0.26315789473684215,1.1640469867513693e-231,0.05
AVPEPUDEA0053_omar.txt,0.5,0.09375,0.04761904761904767,8.38826642100846e-155,1.0
AVPEPUDEA0053_rosita.txt,0.2222222222222222,0.06,0.040000000000000036,0.6104735835807844,1.0
AVPEPUDEA0054_laura.txt,0.5,0.1111111111111111,0.09090909090909094,8.38826642100846e-155,0.35714285714285715
AVPEPUDEA0054_loslibros.txt,0.18181818181818182,0.0392156862745098,0.029126213592232997,0.7860753021519787,1.0
AVPEPUDEA0054_luisa.txt,0.3,0.058823529411764705,0.04854368932038833,0.6389431042462724,1.0
AVPEPUDEA0054_micasa.txt,0.2,0.038461538461538464,0.018867924528301883,0.668740304976422,1.0
AVPEPUDEA0054_omar.txt,0.16666666666666666,0.03125,0.01538461538461533,0.7598356856515925,1.0
AVPEPUDEA0054_rosita.txt,0.3333333333333333,0.08,0.04950495049504955,0.5873949094699213,1.0
AVPEPUDEA0055_laura.txt,1.0,0.2962962962962963,0.2068965517241379,0.0,0.16666666666666666
AVPEPUDEA0055_loslibros.txt,0.2727272727272727,0.058823529411764705,0.039215686274509776,0.46924700641056,0.6
AVPEPUDEA0055_luisa.txt,0.3,0.13725490196078433,0.07547169811320753,0.6389431042462724,0.3333333333333333
AVPEPUDEA0055_micasa.txt,0.6,0.15384615384615385,0.11538461538461542,8.38826642100846e-155,0.25
AVPEPUDEA0055_omar.txt,1.1666666666666667,0.625,0.3783783783783784,1.2508498911928379e-231,0.06060606060606061
AVPEPUDEA0055_rosita.txt,0.4444444444444444,0.14,0.10679611650485432,0.31239399369202553,0.36363636363636365
AVPEPUDEA0056_laura.txt,0.3333333333333333,0.1111111111111111,0.09090909090909094,0.5081327481546147,0.35714285714285715
AVPEPUDEA0056_loslibros.txt,0.18181818181818182,0.0392156862745098,0.029126213592232997,0.7860753021519787,1.0
AVPEPUDEA0056_luisa.txt,0.3,0.058823529411764705,0.04854368932038833,0.6389431042462724,1.0
AVPEPUDEA0056_micasa.txt,0.2,0.038461538461538464,0.018867924528301883,0.668740304976422,1.0
AVPEPUDEA0056_omar.txt,0.5,0.125,0.06060606060606055,0.41113361690051975,1.0
AVPEPUDEA0056_rosita.txt,0.5555555555555556,0.14,0.09999999999999998,8.612150057732663e-155,0.3181818181818182
AVPEPUDEA0057_laura.txt,0.6666666666666666,0.18518518518518517,0.1228070175438597,7.57965434483665e-155,0.35714285714285715
AVPEPUDEA0057_loslibros.txt,0.18181818181818182,0.0392156862745098,0.029126213592232997,0.7860753021519787,1.0
AVPEPUDEA0057_luisa.txt,0.3,0.058823529411764705,0.04854368932038833,0.6389431042462724,1.0
AVPEPUDEA0057_micasa.txt,0.2,0.038461538461538464,0.018867924528301883,0.668740304976422,1.0
AVPEPUDEA0057_omar.txt,0.6666666666666666,0.125,0.0625,1.384292958842266e-231,0.35714285714285715
AVPEPUDEA0057_rosita.txt,0.8888888888888888,0.32,0.18518518518518523,7.401184483348608e-155,0.21212121212121213
AVPEPUDEA0058_laura.txt,0.3333333333333333,0.07407407407407407,0.054545454545454564,0.5081327481546147,1.0
AVPEPUDEA0058_loslibros.txt,0.18181818181818182,0.0392156862745098,0.029126213592232997,0.7860753021519787,1.0
AVPEPUDEA0058_luisa.txt,0.6,0.23529411764705882,0.18867924528301883,6.8489908526642754e-155,0.16666666666666666
AVPEPUDEA0058_micasa.txt,0.2,0.038461538461538464,0.018867924528301883,0.668740304976422,1.0
AVPEPUDEA0058_omar.txt,0.16666666666666666,0.03125,0.01538461538461533,0.7598356856515925,1.0
AVPEPUDEA0058_rosita.txt,0.3333333333333333,0.08,0.04950495049504955,0.5873949094699213,1.0
AVPEPUDEA0059_laura.txt,1.0,0.37037037037037035,0.22033898305084743,1.1200407237786664e-231,0.2222222222222222
AVPEPUDEA0059_loslibros.txt,0.18181818181818182,0.0392156862745098,0.029126213592232997,0.7860753021519787,1.0
AVPEPUDEA0059_luisa.txt,0.4166666666666667,0.1864406779661017,0.11711711711711714,0.41602390756021224,0.27272727272727276
AVPEPUDEA0059_micasa.txt,0.2,0.038461538461538464,0.018867924528301883,0.668740304976422,1.0
AVPEPUDEA0059_omar.txt,0.75,0.35135135135135137,0.24637681159420288,5.431059661402121e-155,0.19047619047619047
AVPEPUDEA0059_rosita.txt,0.5,0.36363636363636365,0.2592592592592593,0.2824099048856541,0.1388888888888889
AVPEPUDEAC0001_laura.txt,0.3333333333333333,0.07407407407407407,0.054545454545454564,0.5081327481546147,1.0
AVPEPUDEAC0001_loslibros.txt,0.18181818181818182,0.0392156862745098,0.029126213592232997,0.7860753021519787,1.0
AVPEPUDEAC0001_luisa.txt,0.3,0.058823529411764705,0.04854368932038833,0.6389431042462724,1.0
AVPEPUDEAC0001_micasa.txt,0.2,0.038461538461538464,0.018867924528301883,0.668740304976422,1.0
AVPEPUDEAC0001_omar.txt,0.16666666666666666,0.03125,0.01538461538461533,0.7598356856515925,1.0
AVPEPUDEAC0001_rosita.txt,0.1111111111111111,0.02,0.00990099009900991,0.8633400213704505,1.0
AVPEPUDEAC0003_laura.txt,0.8333333333333334,0.25925925925925924,0.1724137931034483,1.1640469867513693e-231,0.25
AVPEPUDEAC0003_loslibros.txt,0.18181818181818182,0.0392156862745098,0.029126213592232997,0.7860753021519787,1.0
AVPEPUDEAC0003_luisa.txt,0.3,0.058823529411764705,0.04854368932038833,0.6389431042462724,1.0
AVPEPUDEAC0003_micasa.txt,0.2,0.038461538461538464,0.018867924528301883,0.668740304976422,1.0
AVPEPUDEAC0003_omar.txt,0.3333333333333333,0.15625,0.08823529411764708,1.0719249972567852e-154,0.25
AVPEPUDEAC0003_rosita.txt,0.2222222222222222,0.04,0.02970297029702973,0.6104735835807844,1.0
AVPEPUDEAC0004_laura.txt,0.3333333333333333,0.07407407407407407,0.054545454545454564,0.5081327481546147,1.0
AVPEPUDEAC0004_loslibros.txt,0.18181818181818182,0.0392156862745098,0.029126213592232997,0.7860753021519787,1.0
AVPEPUDEAC0004_luisa.txt,0.3,0.0784313725490196,0.05769230769230771,0.6389431042462724,0.4090909090909091
AVPEPUDEAC0004_micasa.txt,0.2,0.038461538461538464,0.018867924528301883,0.668740304976422,1.0
AVPEPUDEAC0004_omar.txt,0.16666666666666666,0.03125,0.01538461538461533,0.7598356856515925,1.0
AVPEPUDEAC0004_rosita.txt,0.1111111111111111,0.02,0.00990099009900991,0.8633400213704505,1.0
AVPEPUDEAC0005_laura.txt,0.3333333333333333,0.07407407407407407,0.054545454545454564,0.5081327481546147,1.0
AVPEPUDEAC0005_loslibros.txt,0.18181818181818182,0.0392156862745098,0.029126213592232997,0.7860753021519787,1.0
AVPEPUDEAC0005_luisa.txt,0.4,0.0784313725490196,0.05882352941176472,0.31239399369202553,0.4090909090909091
AVPEPUDEAC0005_micasa.txt,0.2,0.038461538461538464,0.018867924528301883,0.668740304976422,1.0
AVPEPUDEAC0005_omar.txt,0.16666666666666666,0.03125,0.01538461538461533,0.7598356856515925,1.0
AVPEPUDEAC0005_rosita.txt,0.1111111111111111,0.02,0.00990099009900991,0.8633400213704505,1.0
AVPEPUDEAC0006_laura.txt,0.3333333333333333,0.07407407407407407,0.054545454545454564,0.5081327481546147,1.0
AVPEPUDEAC0006_loslibros.txt,0.18181818181818182,0.0392156862745098,0.029126213592232997,0.7860753021519787,1.0
AVPEPUDEAC0006_luisa.txt,0.3,0.09803921568627451,0.05769230769230771,0.6389431042462724,0.3333333333333333
AVPEPUDEAC0006_micasa.txt,0.2,0.038461538461538464,0.018867924528301883,0.668740304976422,1.0
AVPEPUDEAC0006_omar.txt,0.16666666666666666,0.03125,0.01538461538461533,0.7598356856515925,1.0
AVPEPUDEAC0006_rosita.txt,0.1111111111111111,0.02,0.00990099009900991,0.8633400213704505,1.0
AVPEPUDEAC0007_laura.txt,0.3333333333333333,0.07407407407407407,0.054545454545454564,0.5081327481546147,1.0
AVPEPUDEAC0007_loslibros.txt,0.18181818181818182,0.0392156862745098,0.029126213592232997,0.7860753021519787,1.0
AVPEPUDEAC0007_luisa.txt,0.3,0.058823529411764705,0.04854368932038833,0.6389431042462724,1.0
AVPEPUDEAC0007_micasa.txt,0.2,0.038461538461538464,0.018867924528301883,0.668740304976422,1.0
AVPEPUDEAC0007_omar.txt,0.16666666666666666,0.03125,0.01538461538461533,0.7598356856515925,1.0
AVPEPUDEAC0007_rosita.txt,0.1111111111111111,0.02,0.00990099009900991,0.8633400213704505,1.0
AVPEPUDEAC0008_laura.txt,0.3333333333333333,0.07407407407407407,0.054545454545454564,0.5081327481546147,1.0
AVPEPUDEAC0008_loslibros.txt,0.18181818181818182,0.0392156862745098,0.029126213592232997,0.7860753021519787,1.0
AVPEPUDEAC0008_luisa.txt,0.3,0.058823529411764705,0.04854368932038833,0.6389431042462724,1.0
AVPEPUDEAC0008_micasa.txt,0.2,0.038461538461538464,0.018867924528301883,0.668740304976422,1.0
AVPEPUDEAC0008_omar.txt,0.5,0.09375,0.04761904761904767,8.38826642100846e-155,1.0
AVPEPUDEAC0008_rosita.txt,0.1111111111111111,0.02,0.00990099009900991,0.8633400213704505,1.0
AVPEPUDEAC0010_laura.txt,0.3333333333333333,0.07407407407407407,0.054545454545454564,0.5081327481546147,1.0
AVPEPUDEAC0010_loslibros.txt,0.18181818181818182,0.0392156862745098,0.029126213592232997,0.7860753021519787,1.0
AVPEPUDEAC0010_luisa.txt,0.3,0.058823529411764705,0.04854368932038833,0.6389431042462724,1.0
AVPEPUDEAC0010_micasa.txt,0.2,0.038461538461538464,0.018867924528301883,0.668740304976422,1.0
AVPEPUDEAC0010_omar.txt,0.16666666666666666,0.03125,0.01538461538461533,0.7598356856515925,1.0
AVPEPUDEAC0010_rosita.txt,0.1111111111111111,0.02,0.00990099009900991,0.8633400213704505,1.0
AVPEPUDEAC0011_laura.txt,0.6666666666666666,0.25925925925925924,0.1724137931034483,7.57965434483665e-155,0.16666666666666666
AVPEPUDEAC0011_loslibros.txt,0.18181818181818182,0.0392156862745098,0.029126213592232997,0.7860753021519787,1.0
AVPEPUDEAC0011_luisa.txt,0.3,0.058823529411764705,0.04854368932038833,0.6389431042462724,1.0
AVPEPUDEAC0011_micasa.txt,0.2,0.038461538461538464,0.018867924528301883,0.668740304976422,1.0
AVPEPUDEAC0011_omar.txt,0.16666666666666666,0.03125,0.01538461538461533,0.7598356856515925,1.0
AVPEPUDEAC0011_rosita.txt,0.1111111111111111,0.02,0.00990099009900991,0.8633400213704505,1.0
AVPEPUDEAC0012_laura.txt,0.3333333333333333,0.07407407407407407,0.054545454545454564,0.5081327481546147,1.0
AVPEPUDEAC0012_loslibros.txt,0.18181818181818182,0.0392156862745098,0.029126213592232997,0.7860753021519787,1.0
AVPEPUDEAC0012_luisa.txt,0.3,0.058823529411764705,0.04854368932038833,0.6389431042462724,1.0
AVPEPUDEAC0012_micasa.txt,0.2,0.038461538461538464,0.018867924528301883,0.668740304976422,1.0
AVPEPUDEAC0012_omar.txt,0.16666666666666666,0.03125,0.01538461538461533,0.7598356856515925,1.0
AVPEPUDEAC0012_rosita.txt,0.3333333333333333,0.08,0.0505050505050505,5.30941411456236e-78,1.0
AVPEPUDEAC0013_laura.txt,1.0,0.48148148148148145,0.34615384615384615,0.0,0.125
AVPEPUDEAC0013_loslibros.txt,0.18181818181818182,0.0392156862745098,0.029126213592232997,0.7860753021519787,1.0
AVPEPUDEAC0013_luisa.txt,0.3,0.0784313725490196,0.04761904761904767,0.6389431042462724,1.0
AVPEPUDEAC0013_micasa.txt,0.2,0.038461538461538464,0.018867924528301883,0.668740304976422,1.0
AVPEPUDEAC0013_omar.txt,0.16666666666666666,0.03125,0.01538461538461533,0.7598356856515925,1.0
AVPEPUDEAC0013_rosita.txt,0.3333333333333333,0.08,0.04950495049504955,0.5873949094699213,1.0
AVPEPUDEAC0014_laura.txt,0.8333333333333334,0.25925925925925924,0.1724137931034483,1.1640469867513693e-231,0.25
AVPEPUDEAC0014_loslibros.txt,0.3076923076923077,0.14035087719298245,0.08256880733944949,0.6261901137551134,0.2962962962962963
AVPEPUDEAC0014_luisa.txt,0.3,0.058823529411764705,0.04854368932038833,0.6389431042462724,1.0
AVPEPUDEAC0014_micasa.txt,0.2,0.038461538461538464,0.018867924528301883,0.668740304976422,1.0
AVPEPUDEAC0014_omar.txt,0.5,0.09375,0.04761904761904767,8.38826642100846e-155,1.0
AVPEPUDEAC0014_rosita.txt,0.4444444444444444,0.10416666666666667,0.07070707070707072,5.072841446586652e-78,1.0
AVPEPUDEAC0015_laura.txt,0.3333333333333333,0.07407407407407407,0.054545454545454564,0.5081327481546147,1.0
AVPEPUDEAC0015_loslibros.txt,0.18181818181818182,0.0392156862745098,0.029126213592232997,0.7860753021519787,1.0
AVPEPUDEAC0015_luisa.txt,0.3,0.0784313725490196,0.05769230769230771,0.6389431042462724,0.4090909090909091
AVPEPUDEAC0015_micasa.txt,0.2,0.038461538461538464,0.018867924528301883,0.668740304976422,1.0
AVPEPUDEAC0015_omar.txt,0.5,0.15625,0.10769230769230764,0.41113361690051975,0.35714285714285715
AVPEPUDEAC0015_rosita.txt,0.3333333333333333,0.06,0.039215686274509776,0.5873949094699213,1.0
AVPEPUDEAC0016_laura.txt,0.5,0.14814814814814814,0.1071428571428571,5.775353993361614e-78,0.35714285714285715
AVPEPUDEAC0016_loslibros.txt,0.18181818181818182,0.0392156862745098,0.029126213592232997,0.7860753021519787,1.0
AVPEPUDEAC0016_luisa.txt,0.3,0.058823529411764705,0.04854368932038833,0.6389431042462724,1.0
AVPEPUDEAC0016_micasa.txt,0.2,0.038461538461538464,0.018867924528301883,0.668740304976422,1.0
AVPEPUDEAC0016_omar.txt,0.5,0.15625,0.11111111111111116,8.38826642100846e-155,0.35714285714285715
AVPEPUDEAC0016_rosita.txt,0.4444444444444444,0.18,0.13131313131313127,8.557332335294228e-155,0.35
AVPEPUDEAC0017_laura.txt,0.3333333333333333,0.07407407407407407,0.054545454545454564,0.5081327481546147,1.0
AVPEPUDEAC0017_loslibros.txt,0.18181818181818182,0.0392156862745098,0.029126213592232997,0.7860753021519787,1.0
AVPEPUDEAC0017_luisa.txt,0.3,0.058823529411764705,0.04854368932038833,0.6389431042462724,1.0
AVPEPUDEAC0017_micasa.txt,0.2,0.038461538461538464,0.018867924528301883,0.668740304976422,1.0
AVPEPUDEAC0017_omar.txt,0.16666666666666666,0.03125,0.01538461538461533,0.7598356856515925,1.0
AVPEPUDEAC0017_rosita.txt,0.3333333333333333,0.08,0.04950495049504955,0.5873949094699213,1.0
AVPEPUDEAC0018_laura.txt,0.3333333333333333,0.07407407407407407,0.054545454545454564,0.5081327481546147,1.0
AVPEPUDEAC0018_loslibros.txt,0.18181818181818182,0.0392156862745098,0.029126213592232997,0.7860753021519787,1.0
AVPEPUDEAC0018_luisa.txt,0.3,0.058823529411764705,0.04854368932038833,0.6389431042462724,1.0
AVPEPUDEAC0018_micasa.txt,0.2,0.038461538461538464,0.018867924528301883,0.668740304976422,1.0
AVPEPUDEAC0018_omar.txt,0.16666666666666666,0.03125,0.01538461538461533,0.7598356856515925,1.0
AVPEPUDEAC0018_rosita.txt,0.3333333333333333,0.08,0.04950495049504955,0.5873949094699213,1.0
AVPEPUDEAC0019_laura.txt,0.3333333333333333,0.07407407407407407,0.054545454545454564,0.5081327481546147,1.0
AVPEPUDEAC0019_loslibros.txt,0.18181818181818182,0.0392156862745098,0.029126213592232997,0.7860753021519787,1.0
AVPEPUDEAC0019_luisa.txt,0.3,0.058823529411764705,0.04854368932038833,0.6389431042462724,1.0
AVPEPUDEAC0019_micasa.txt,0.2,0.038461538461538464,0.018867924528301883,0.668740304976422,1.0
AVPEPUDEAC0019_omar.txt,0.16666666666666666,0.03125,0.01538461538461533,0.7598356856515925,1.0
AVPEPUDEAC0019_rosita.txt,0.45454545454545453,0.21428571428571427,0.12149532710280375,4.568476542457011e-78,0.26666666666666666
AVPEPUDEAC0020_laura.txt,0.3333333333333333,0.07407407407407407,0.054545454545454564,0.5081327481546147,1.0
AVPEPUDEAC0020_loslibros.txt,0.18181818181818182,0.1568627450980392,0.08333333333333337,0.7080735452207036,0.6296296296296297
AVPEPUDEAC0020_luisa.txt,0.3,0.058823529411764705,0.04854368932038833,0.6389431042462724,1.0
AVPEPUDEAC0020_micasa.txt,0.2,0.038461538461538464,0.018867924528301883,0.668740304976422,1.0
AVPEPUDEAC0020_omar.txt,0.16666666666666666,0.03125,0.01538461538461533,0.7598356856515925,1.0
AVPEPUDEAC0020_rosita.txt,0.4444444444444444,0.10416666666666667,0.07070707070707072,5.072841446586652e-78,1.0
AVPEPUDEAC0021_laura.txt,0.3333333333333333,0.07407407407407407,0.054545454545454564,0.5081327481546147,1.0
AVPEPUDEAC0021_loslibros.txt,0.18181818181818182,0.0392156862745098,0.029126213592232997,0.7860753021519787,1.0
AVPEPUDEAC0021_luisa.txt,0.3,0.058823529411764705,0.04854368932038833,0.6389431042462724,1.0
AVPEPUDEAC0021_micasa.txt,0.2,0.038461538461538464,0.018867924528301883,0.668740304976422,1.0
AVPEPUDEAC0021_omar.txt,0.16666666666666666,0.03125,0.01538461538461533,0.7598356856515925,1.0
AVPEPUDEAC0021_rosita.txt,0.1111111111111111,0.02,0.00990099009900991,0.8633400213704505,1.0
AVPEPUDEAC0022_laura.txt,0.3333333333333333,0.07407407407407407,0.054545454545454564,0.5081327481546147,1.0
AVPEPUDEAC0022_loslibros.txt,0.18181818181818182,0.0392156862745098,0.029126213592232997,0.7860753021519787,1.0
AVPEPUDEAC0022_luisa.txt,0.3,0.11764705882352941,0.09615384615384615,0.6389431042462724,0.3333333333333333
AVPEPUDEAC0022_micasa.txt,0.2,0.038461538461538464,0.018867924528301883,0.668740304976422,1.0
AVPEPUDEAC0022_omar.txt,0.5,0.09375,0.04761904761904767,8.38826642100846e-155,1.0
AVPEPUDEAC0022_rosita.txt,0.1111111111111111,0.02,0.00990099009900991,0.8633400213704505,1.0
AVPEPUDEAC0023_laura.txt,0.3333333333333333,0.07407407407407407,0.054545454545454564,0.5081327481546147,1.0
AVPEPUDEAC0023_loslibros.txt,0.18181818181818182,0.0392156862745098,0.029126213592232997,0.7860753021519787,1.0
AVPEPUDEAC0023_luisa.txt,0.3,0.058823529411764705,0.04854368932038833,0.6389431042462724,1.0
AVPEPUDEAC0023_micasa.txt,0.2,0.038461538461538464,0.018867924528301883,0.668740304976422,1.0
AVPEPUDEAC0023_omar.txt,0.16666666666666666,0.03125,0.01538461538461533,0.7598356856515925,1.0
AVPEPUDEAC0023_rosita.txt,0.1111111111111111,0.02,0.00990099009900991,0.8633400213704505,1.0
AVPEPUDEAC0024_laura.txt,0.3333333333333333,0.07407407407407407,0.054545454545454564,0.5081327481546147,1.0
AVPEPUDEAC0024_loslibros.txt,0.18181818181818182,0.0392156862745098,0.029126213592232997,0.7860753021519787,1.0
AVPEPUDEAC0024_luisa.txt,0.3,0.0784313725490196,0.06796116504854366,0.6389431042462724,0.4090909090909091
AVPEPUDEAC0024_micasa.txt,0.2,0.038461538461538464,0.018867924528301883,0.668740304976422,1.0
AVPEPUDEAC0024_omar.txt,0.16666666666666666,0.03125,0.01538461538461533,0.7598356856515925,1.0
AVPEPUDEAC0024_rosita.txt,0.1111111111111111,0.02,0.00990099009900991,0.8633400213704505,1.0
AVPEPUDEAC0025_laura.txt,0.3333333333333333,0.07407407407407407,0.054545454545454564,0.5081327481546147,1.0
AVPEPUDEAC0025_loslibros.txt,0.18181818181818182,0.0392156862745098,0.029126213592232997,0.7860753021519787,1.0
AVPEPUDEAC0025_luisa.txt,0.3,0.058823529411764705,0.04854368932038833,0.6389431042462724,1.0
AVPEPUDEAC0025_micasa.txt,0.2,0.038461538461538464,0.018867924528301883,0.668740304976422,1.0
AVPEPUDEAC0025_omar.txt,0.16666666666666666,0.03125,0.01538461538461533,0.7598356856515925,1.0
AVPEPUDEAC0025_rosita.txt,0.3333333333333333,0.08,0.0505050505050505,5.30941411456236e-78,1.0
AVPEPUDEAC0026_laura.txt,0.3333333333333333,0.07407407407407407,0.054545454545454564,0.5081327481546147,1.0
AVPEPUDEAC0026_loslibros.txt,0.18181818181818182,0.0392156862745098,0.029126213592232997,0.7860753021519787,1.0
AVPEPUDEAC0026_luisa.txt,0.3,0.058823529411764705,0.04854368932038833,0.6389431042462724,1.0
AVPEPUDEAC0026_micasa.txt,0.2,0.038461538461538464,0.018867924528301883,0.668740304976422,1.0
AVPEPUDEAC0026_omar.txt,0.3333333333333333,0.09375,0.06060606060606055,1.0719249972567852e-154,0.35714285714285715
AVPEPUDEAC0026_rosita.txt,0.1111111111111111,0.02,0.00990099009900991,0.8633400213704505,1.0
AVPEPUDEAC0027_laura.txt,0.3333333333333333,0.07407407407407407,0.054545454545454564,0.5081327481546147,1.0
AVPEPUDEAC0027_loslibros.txt,0.18181818181818182,0.0392156862745098,0.029126213592232997,0.7860753021519787,1.0
AVPEPUDEAC0027_luisa.txt,0.3,0.058823529411764705,0.04854368932038833,0.6389431042462724,1.0
AVPEPUDEAC0027_micasa.txt,0.2,0.038461538461538464,0.018867924528301883,0.668740304976422,1.0
AVPEPUDEAC0027_omar.txt,0.5,0.09375,0.04761904761904767,8.38826642100846e-155,1.0
AVPEPUDEAC0027_rosita.txt,0.3333333333333333,0.06,0.039215686274509776,0.5873949094699213,1.0
AVPEPUDEAC0028_laura.txt,0.6666666666666666,0.18518518518518517,0.1228070175438597,7.57965434483665e-155,0.35714285714285715
AVPEPUDEAC0028_loslibros.txt,0.5,0.234375,0.17741935483870963,5.129590639222874e-78,0.3461538461538461
AVPEPUDEAC0028_luisa.txt,0.5555555555555556,0.34146341463414637,0.2222222222222222,0.3081980909598119,0.20833333333333334
AVPEPUDEAC0028_micasa.txt,0.2,0.038461538461538464,0.018867924528301883,0.668740304976422,1.0
AVPEPUDEAC0028_omar.txt,1.1666666666666667,0.5625,0.5588235294117647,1.1200407237786664e-231,0.15
AVPEPUDEAC0028_rosita.txt,0.5555555555555556,0.27450980392156865,0.1607142857142857,0.3672056269893592,0.48484848484848486
AVPEPUDEAC0029_laura.txt,0.6666666666666666,0.2222222222222222,0.1578947368421053,7.57965434483665e-155,0.35714285714285715
AVPEPUDEAC0029_loslibros.txt,0.09090909090909091,0.0196078431372549,0.009708737864077666,0.8931539818068694,1.0
AVPEPUDEAC0029_luisa.txt,0.3,0.09803921568627451,0.05769230769230771,0.6389431042462724,0.3333333333333333
AVPEPUDEAC0029_micasa.txt,0.2,0.038461538461538464,0.018867924528301883,0.668740304976422,1.0
AVPEPUDEAC0029_omar.txt,0.16666666666666666,0.03125,0.01538461538461533,0.7598356856515925,1.0
AVPEPUDEAC0029_rosita.txt,0.3333333333333333,0.06,0.030303030303030276,5.30941411456236e-78,1.0
AVPEPUDEAC0030_laura.txt,0.3333333333333333,0.07407407407407407,0.054545454545454564,0.5081327481546147,1.0
AVPEPUDEAC0030_loslibros.txt,0.18181818181818182,0.0392156862745098,0.029126213592232997,0.7860753021519787,1.0
AVPEPUDEAC0030_luisa.txt,0.3,0.058823529411764705,0.04854368932038833,0.6389431042462724,1.0
AVPEPUDEAC0030_micasa.txt,0.2,0.038461538461538464,0.018867924528301883,0.668740304976422,1.0
AVPEPUDEAC0030_omar.txt,0.16666666666666666,0.03125,0.01538461538461533,0.7598356856515925,1.0
AVPEPUDEAC0030_rosita.txt,0.1111111111111111,0.02,0.00990099009900991,0.8633400213704505,1.0
AVPEPUDEAC0031_laura.txt,0.3333333333333333,0.07407407407407407,0.054545454545454564,0.5081327481546147,1.0
AVPEPUDEAC0031_loslibros.txt,0.2727272727272727,0.058823529411764705,0.038461538461538436,0.5193071778680676,0.6
AVPEPUDEAC0031_luisa.txt,0.3,0.13725490196078433,0.11538461538461542,0.6389431042462724,0.2692307692307692
AVPEPUDEAC0031_micasa.txt,0.2,0.038461538461538464,0.018867924528301883,0.668740304976422,1.0
AVPEPUDEAC0031_omar.txt,0.5,0.09375,0.04761904761904767,8.38826642100846e-155,1.0
AVPEPUDEAC0031_rosita.txt,0.3333333333333333,0.08,0.04950495049504955,0.5873949094699213,1.0
AVPEPUDEAC0033_laura.txt,0.3333333333333333,0.14814814814814814,0.08771929824561409,0.5081327481546147,1.0
AVPEPUDEAC0033_loslibros.txt,0.18181818181818182,0.0392156862745098,0.029126213592232997,0.7860753021519787,1.0
AVPEPUDEAC0033_luisa.txt,0.3,0.058823529411764705,0.04854368932038833,0.6389431042462724,1.0
AVPEPUDEAC0033_micasa.txt,0.2,0.038461538461538464,0.018867924528301883,0.668740304976422,1.0
AVPEPUDEAC0033_omar.txt,0.5,0.09375,0.04761904761904767,8.38826642100846e-155,1.0
AVPEPUDEAC0033_rosita.txt,0.1111111111111111,0.02,0.00990099009900991,0.8633400213704505,1.0
AVPEPUDEAC0034_laura.txt,0.3333333333333333,0.07407407407407407,0.054545454545454564,0.5081327481546147,1.0
AVPEPUDEAC0034_loslibros.txt,0.18181818181818182,0.1,0.07843137254901966,0.7860753021519787,0.6
AVPEPUDEAC0034_luisa.txt,0.3,0.058823529411764705,0.04854368932038833,0.6389431042462724,1.0
AVPEPUDEAC0034_micasa.txt,0.2,0.038461538461538464,0.018867924528301883,0.668740304976422,1.0
AVPEPUDEAC0034_omar.txt,0.16666666666666666,0.03125,0.01538461538461533,0.7598356856515925,1.0
AVPEPUDEAC0034_rosita.txt,0.1111111111111111,0.02,0.00990099009900991,0.8633400213704505,1.0
AVPEPUDEAC0035_laura.txt,0.6666666666666666,0.2222222222222222,0.1578947368421053,7.57965434483665e-155,0.35714285714285715
AVPEPUDEAC0035_loslibros.txt,0.18181818181818182,0.0392156862745098,0.029126213592232997,0.7860753021519787,1.0
AVPEPUDEAC0035_luisa.txt,0.3,0.058823529411764705,0.04854368932038833,0.6389431042462724,1.0
AVPEPUDEAC0035_micasa.txt,0.2,0.038461538461538464,0.018867924528301883,0.668740304976422,1.0
AVPEPUDEAC0035_omar.txt,0.16666666666666666,0.03125,0.01538461538461533,0.7598356856515925,1.0
AVPEPUDEAC0035_rosita.txt,0.2222222222222222,0.04,0.02970297029702973,0.6104735835807844,1.0
AVPEPUDEAC0037_laura.txt,0.5,0.14814814814814814,0.1071428571428571,5.775353993361614e-78,0.35714285714285715
AVPEPUDEAC0037_loslibros.txt,0.18181818181818182,0.0392156862745098,0.029126213592232997,0.7860753021519787,1.0
AVPEPUDEAC0037_luisa.txt,0.3,0.058823529411764705,0.04854368932038833,0.6389431042462724,1.0
AVPEPUDEAC0037_micasa.txt,0.2,0.038461538461538464,0.018867924528301883,0.668740304976422,1.0
AVPEPUDEAC0037_omar.txt,0.5,0.09375,0.04761904761904767,8.38826642100846e-155,1.0
AVPEPUDEAC0037_rosita.txt,0.3333333333333333,0.08,0.0505050505050505,5.30941411456236e-78,1.0
AVPEPUDEAC0039_laura.txt,0.3333333333333333,0.1111111111111111,0.0714285714285714,0.5081327481546147,1.0
AVPEPUDEAC0039_loslibros.txt,0.18181818181818182,0.0392156862745098,0.029126213592232997,0.7860753021519787,1.0
AVPEPUDEAC0039_luisa.txt,0.3,0.058823529411764705,0.04854368932038833,0.6389431042462724,1.0
AVPEPUDEAC0039_micasa.txt,0.2,0.038461538461538464,0.018867924528301883,0.668740304976422,1.0
AVPEPUDEAC0039_omar.txt,0.16666666666666666,0.03125,0.01538461538461533,0.7598356856515925,1.0
AVPEPUDEAC0039_rosita.txt,0.3333333333333333,0.06,0.039215686274509776,0.5873949094699213,1.0
AVPEPUDEAC0040_laura.txt,0.3333333333333333,0.1111111111111111,0.0714285714285714,0.5081327481546147,1.0
AVPEPUDEAC0040_loslibros.txt,0.18181818181818182,0.0392156862745098,0.029126213592232997,0.7860753021519787,1.0
AVPEPUDEAC0040_luisa.txt,0.3,0.058823529411764705,0.04854368932038833,0.6389431042462724,1.0
AVPEPUDEAC0040_micasa.txt,0.2,0.038461538461538464,0.018867924528301883,0.668740304976422,1.0
AVPEPUDEAC0040_omar.txt,0.16666666666666666,0.03125,0.01538461538461533,0.7598356856515925,1.0
AVPEPUDEAC0040_rosita.txt,0.1111111111111111,0.02,0.00990099009900991,0.8633400213704505,1.0
AVPEPUDEAC0041_laura.txt,0.3333333333333333,0.07407407407407407,0.054545454545454564,0.5081327481546147,1.0
AVPEPUDEAC0041_loslibros.txt,0.18181818181818182,0.0392156862745098,0.029126213592232997,0.7860753021519787,1.0
AVPEPUDEAC0041_luisa.txt,0.3,0.058823529411764705,0.04854368932038833,0.6389431042462724,1.0
AVPEPUDEAC0041_micasa.txt,0.2,0.038461538461538464,0.018867924528301883,0.668740304976422,1.0
AVPEPUDEAC0041_omar.txt,0.16666666666666666,0.03125,0.01538461538461533,0.7598356856515925,1.0
AVPEPUDEAC0041_rosita.txt,0.6666666666666666,0.2,0.12871287128712872,0.2626909894424158,0.25
AVPEPUDEAC0042_laura.txt,0.3333333333333333,0.07407407407407407,0.054545454545454564,0.5081327481546147,1.0
AVPEPUDEAC0042_loslibros.txt,0.18181818181818182,0.0392156862745098,0.029126213592232997,0.7860753021519787,1.0
AVPEPUDEAC0042_luisa.txt,0.3,0.058823529411764705,0.04854368932038833,0.6389431042462724,1.0
AVPEPUDEAC0042_micasa.txt,0.2,0.038461538461538464,0.018867924528301883,0.668740304976422,1.0
AVPEPUDEAC0042_omar.txt,0.16666666666666666,0.03125,0.01538461538461533,0.7598356856515925,1.0
AVPEPUDEAC0042_rosita.txt,0.1111111111111111,0.02,0.00990099009900991,0.8633400213704505,1.0
AVPEPUDEAC0043_laura.txt,0.6666666666666666,0.2222222222222222,0.1578947368421053,7.57965434483665e-155,0.35714285714285715
AVPEPUDEAC0043_loslibros.txt,0.18181818181818182,0.0392156862745098,0.029126213592232997,0.7860753021519787,1.0
AVPEPUDEAC0043_luisa.txt,0.3,0.058823529411764705,0.04854368932038833,0.6389431042462724,1.0
AVPEPUDEAC0043_micasa.txt,0.2,0.038461538461538464,0.018867924528301883,0.668740304976422,1.0
AVPEPUDEAC0043_omar.txt,0.6,0.10714285714285714,0.06896551724137934,1.4488496539373276e-231,1.0
AVPEPUDEAC0043_rosita.txt,0.1111111111111111,0.02,0.00990099009900991,0.8633400213704505,1.0
AVPEPUDEAC0044_laura.txt,0.3333333333333333,0.07407407407407407,0.054545454545454564,0.5081327481546147,1.0
AVPEPUDEAC0044_loslibros.txt,0.18181818181818182,0.0392156862745098,0.029126213592232997,0.7860753021519787,1.0
AVPEPUDEAC0044_luisa.txt,0.3,0.058823529411764705,0.04854368932038833,0.6389431042462724,1.0
AVPEPUDEAC0044_micasa.txt,0.2,0.038461538461538464,0.018867924528301883,0.668740304976422,1.0
AVPEPUDEAC0044_omar.txt,0.5,0.09375,0.04761904761904767,8.38826642100846e-155,1.0
AVPEPUDEAC0044_rosita.txt,0.3333333333333333,0.06,0.039215686274509776,0.5873949094699213,1.0
AVPEPUDEAC0045_laura.txt,0.3333333333333333,0.07407407407407407,0.054545454545454564,0.5081327481546147,1.0
AVPEPUDEAC0045_loslibros.txt,0.18181818181818182,0.0392156862745098,0.029126213592232997,0.7860753021519787,1.0
AVPEPUDEAC0045_luisa.txt,0.3,0.0784313725490196,0.05769230769230771,0.6389431042462724,0.4090909090909091
AVPEPUDEAC0045_micasa.txt,0.4,0.07692307692307693,0.05660377358490565,6.86809206056511e-78,1.0
AVPEPUDEAC0045_omar.txt,0.16666666666666666,0.03125,0.01538461538461533,0.7598356856515925,1.0
AVPEPUDEAC0045_rosita.txt,0.1111111111111111,0.02,0.00990099009900991,0.8633400213704505,1.0
AVPEPUDEAC0046_laura.txt,0.3333333333333333,0.07407407407407407,0.054545454545454564,0.5081327481546147,1.0
AVPEPUDEAC0046_loslibros.txt,0.18181818181818182,0.0392156862745098,0.029126213592232997,0.7860753021519787,1.0
AVPEPUDEAC0046_luisa.txt,0.4,0.13725490196078433,0.09433962264150941,0.5706745777055999,0.19444444444444445
AVPEPUDEAC0046_micasa.txt,0.2,0.038461538461538464,0.018867924528301883,0.668740304976422,1.0
AVPEPUDEAC0046_omar.txt,0.5,0.09375,0.04761904761904767,8.38826642100846e-155,1.0
AVPEPUDEAC0046_rosita.txt,0.1111111111111111,0.02,0.00990099009900991,0.8633400213704505,1.0
AVPEPUDEAC0047_laura.txt,0.3333333333333333,0.1111111111111111,0.0714285714285714,0.5081327481546147,1.0
AVPEPUDEAC0047_loslibros.txt,0.18181818181818182,0.0392156862745098,0.029126213592232997,0.7860753021519787,1.0
AVPEPUDEAC0047_luisa.txt,0.3,0.058823529411764705,0.04854368932038833,0.6389431042462724,1.0
AVPEPUDEAC0047_micasa.txt,0.2,0.038461538461538464,0.018867924528301883,0.668740304976422,1.0
AVPEPUDEAC0047_omar.txt,0.16666666666666666,0.03125,0.01538461538461533,0.7598356856515925,1.0
AVPEPUDEAC0047_rosita.txt,0.1111111111111111,0.02,0.00990099009900991,0.8633400213704505,1.0
AVPEPUDEAC0048_laura.txt,0.5,0.2857142857142857,0.17460317460317465,0.36409302398068727,0.2380952380952381
AVPEPUDEAC0048_loslibros.txt,0.2727272727272727,0.058823529411764705,0.039215686274509776,0.46924700641056,0.6
AVPEPUDEAC0048_luisa.txt,0.3,0.058823529411764705,0.04854368932038833,0.6389431042462724,1.0
AVPEPUDEAC0048_micasa.txt,0.2,0.038461538461538464,0.018867924528301883,0.668740304976422,1.0
AVPEPUDEAC0048_omar.txt,0.5,0.09375,0.04761904761904767,8.38826642100846e-155,1.0
AVPEPUDEAC0048_rosita.txt,0.1111111111111111,0.02,0.00990099009900991,0.8633400213704505,1.0
AVPEPUDEAC0049_laura.txt,0.3333333333333333,0.07407407407407407,0.054545454545454564,0.5081327481546147,1.0
AVPEPUDEAC0049_loslibros.txt,0.18181818181818182,0.0392156862745098,0.029126213592232997,0.7860753021519787,1.0
AVPEPUDEAC0049_luisa.txt,0.4,0.1568627450980392,0.12380952380952381,0.5169731539571706,0.2692307692307692
AVPEPUDEAC0049_micasa.txt,0.2,0.038461538461538464,0.018867924528301883,0.668740304976422,1.0
AVPEPUDEAC0049_omar.txt,0.5,0.15625,0.07692307692307687,8.38826642100846e-155,1.0
AVPEPUDEAC0049_rosita.txt,0.3333333333333333,0.08,0.04950495049504955,0.5873949094699213,1.0
AVPEPUDEAC0050_laura.txt,0.6666666666666666,0.18518518518518517,0.1228070175438597,7.57965434483665e-155,0.35714285714285715
AVPEPUDEAC0050_loslibros.txt,0.18181818181818182,0.0392156862745098,0.029126213592232997,0.7860753021519787,1.0
AVPEPUDEAC0050_luisa.txt,0.3,0.058823529411764705,0.04854368932038833,0.6389431042462724,1.0
AVPEPUDEAC0050_micasa.txt,0.2,0.038461538461538464,0.018867924528301883,0.668740304976422,1.0
AVPEPUDEAC0050_omar.txt,0.16666666666666666,0.03125,0.01538461538461533,0.7598356856515925,1.0
AVPEPUDEAC0050_rosita.txt,0.3333333333333333,0.08,0.04950495049504955,0.5873949094699213,1.0
AVPEPUDEAC0051_laura.txt,0.3333333333333333,0.07407407407407407,0.054545454545454564,0.5081327481546147,1.0
AVPEPUDEAC0051_loslibros.txt,0.18181818181818182,0.0392156862745098,0.029126213592232997,0.7860753021519787,1.0
AVPEPUDEAC0051_luisa.txt,0.3,0.058823529411764705,0.04854368932038833,0.6389431042462724,1.0
AVPEPUDEAC0051_micasa.txt,0.2,0.038461538461538464,0.018867924528301883,0.668740304976422,1.0
AVPEPUDEAC0051_omar.txt,0.16666666666666666,0.03125,0.01538461538461533,0.7598356856515925,1.0
AVPEPUDEAC0051_rosita.txt,0.1111111111111111,0.02,0.00990099009900991,0.8633400213704505,1.0
AVPEPUDEAC0052_laura.txt,0.5,0.14814814814814814,0.1071428571428571,5.775353993361614e-78,0.35714285714285715
AVPEPUDEAC0052_loslibros.txt,0.18181818181818182,0.0392156862745098,0.029126213592232997,0.7860753021519787,1.0
AVPEPUDEAC0052_luisa.txt,0.3,0.058823529411764705,0.04854368932038833,0.6389431042462724,1.0
AVPEPUDEAC0052_micasa.txt,0.2,0.038461538461538464,0.018867924528301883,0.668740304976422,1.0
AVPEPUDEAC0052_omar.txt,0.16666666666666666,0.03125,0.01538461538461533,0.7598356856515925,1.0
AVPEPUDEAC0052_rosita.txt,0.1111111111111111,0.02,0.00990099009900991,0.8633400213704505,1.0
AVPEPUDEAC0053_laura.txt,0.5,0.14814814814814814,0.1071428571428571,5.775353993361614e-78,0.35714285714285715
AVPEPUDEAC0053_loslibros.txt,0.18181818181818182,0.0392156862745098,0.029126213592232997,0.7860753021519787,1.0
AVPEPUDEAC0053_luisa.txt,0.3,0.058823529411764705,0.04854368932038833,0.6389431042462724,1.0
AVPEPUDEAC0053_micasa.txt,0.2,0.038461538461538464,0.018867924528301883,0.668740304976422,1.0
AVPEPUDEAC0053_omar.txt,0.16666666666666666,0.03125,0.01538461538461533,0.7598356856515925,1.0
AVPEPUDEAC0053_rosita.txt,0.3333333333333333,0.06,0.039215686274509776,0.5873949094699213,1.0
AVPEPUDEAC0054_laura.txt,0.3333333333333333,0.07407407407407407,0.054545454545454564,0.5081327481546147,1.0
AVPEPUDEAC0054_loslibros.txt,0.18181818181818182,0.0392156862745098,0.029126213592232997,0.7860753021519787,1.0
AVPEPUDEAC0054_luisa.txt,0.3,0.058823529411764705,0.04854368932038833,0.6389431042462724,1.0
AVPEPUDEAC0054_micasa.txt,0.2,0.038461538461538464,0.018867924528301883,0.668740304976422,1.0
AVPEPUDEAC0054_omar.txt,0.16666666666666666,0.03125,0.01538461538461533,0.7598356856515925,1.0
AVPEPUDEAC0054_rosita.txt,0.1111111111111111,0.02,0.00990099009900991,0.8633400213704505,1.0
AVPEPUDEAC0057_laura.txt,0.3333333333333333,0.07407407407407407,0.054545454545454564,0.5081327481546147,1.0
AVPEPUDEAC0057_loslibros.txt,0.18181818181818182,0.0392156862745098,0.029126213592232997,0.7860753021519787,1.0
AVPEPUDEAC0057_luisa.txt,0.3,0.058823529411764705,0.04854368932038833,0.6389431042462724,1.0
AVPEPUDEAC0057_micasa.txt,0.2,0.038461538461538464,0.018867924528301883,0.668740304976422,1.0
AVPEPUDEAC0057_omar.txt,0.5,0.09375,0.04761904761904767,8.38826642100846e-155,1.0
AVPEPUDEAC0057_rosita.txt,0.1111111111111111,0.02,0.00990099009900991,0.8633400213704505,1.0
RS Mean,0.468010031031231,0.1922821250738179,0.6243515871624747,0.4394558175546765,0.4316327996479845
RS Std,0.30113444283524915,0.23588564048036392,0.3026559947891784,0.1637810671847317,0.21032348959541952
RS PD Mean,0.5416298411200333,0.23417817149575115,0.6357705930933922,0.3825622599340088,0.3638174233651524
RS PD Std,0.38773353466560156,0.312501239934707,0.2935938154186732,0.17415923485917126,0.19685794715461638
RS HC Mean,0.3844798618920128,0.1447462262489321,0.6113954073562419,0.5040081233165878,0.5085771688919671
RS HC Std,0.10598372057666447,0.06794643128734189,0.31499158086290313,0.12396892108353798,0.19995492096668752
TDU Mean,0.34856494461387094,0.11006031527685277,0.0784270772124704,0.4991069694116682,0.7819051472508362
TDU Std,0.2259497027566084,0.13424692684484243,0.1070331484955082,0.2995570067784831,0.3328423226562152
TDU PD Mean,0.4198073462963965,0.15138250833222502,0.11067355749291705,0.41105400296788175,0.655910961628241
TDU PD Std,0.2640110198005878,0.16858728838097706,0.13512646669574851,0.3123489244660066,0.36868695514979466
TDU HC Mean,0.2758976948976949,0.0679116783603731,0.045535667326414814,0.5889209951843304,0.9104192165858833
TDU HC Std,0.14733890367383998,0.0628048041910466,0.04904267054140085,0.2569467141712301,0.22953557901797195
Total Mean,0.3663361542081762,0.12273148058416722,0.1623176674323046,0.48908209381053885,0.7261757402174577
Total Std,0.24202112446693452,0.15643238852850624,0.24967443152768534,0.2827238046497461,0.34103759168188147
